{"epsilon": 0.13261955589475316, "iteration": 100, "state": [1, 2, 1, 2, 1, 2, 1, 2, 1, 1, 2, 1, 1, 2, 2, 2, 1, 1, 2, 2], "experience_replay": [[[1, 0, 0, 0, 0, 0, 0, 0, 0, 0, 0, 0, 0, 0, 0, 0, 0, 0, 0, 0], -0.3741073932902076], [[1, 2, 0, 0, 0, 0, 0, 0, 0, 0, 0, 0, 0, 0, 0, 0, 0, 0, 0, 0], 0.2617313564443648], [[1, 2, 1, 0, 0, 0, 0, 0, 0, 0, 0, 0, 0, 0, 0, 0, 0, 0, 0, 0], 0.7852569847897912], [[1, 2, 1, 2, 0, 0, 0, 0, 0, 0, 0, 0, 0, 0, 0, 0, 0, 0, 0, 0], -0.04622582118477741], [[1, 2, 1, 2, 2, 0, 0, 0, 0, 0, 0, 0, 0, 0, 0, 0, 0, 0, 0, 0], 0.15294623215102862], [[1, 2, 1, 2, 2, 2, 0, 0, 0, 0, 0, 0, 0, 0, 0, 0, 0, 0, 0, 0], 0.2942278376459536], [[1, 2, 1, 2, 2, 2, 1, 0, 0, 0, 0, 0, 0, 0, 0, 0, 0, 0, 0, 0], 0.1607014515852868], [[1, 2, 1, 2, 2, 2, 1, 2, 0, 0, 0, 0, 0, 0, 0, 0, 0, 0, 0, 0], 0.4314229017587279], [[1, 2, 1, 2, 2, 2, 1, 2, 2, 0, 0, 0, 0, 0, 0, 0, 0, 0, 0, 0], 0.26332583168074164], [[1, 2, 1, 2, 2, 2, 1, 2, 2, 2, 0, 0, 0, 0, 0, 0, 0, 0, 0, 0], 0.3292916993677964], [[1, 2, 1, 2, 2, 2, 1, 2, 2, 2, 2, 0, 0, 0, 0, 0, 0, 0, 0, 0], -0.26366033643520453], [[1, 2, 1, 2, 2, 2, 1, 2, 2, 2, 2, 1, 0, 0, 0, 0, 0, 0, 0, 0], 0.1540939504373374], [[1, 2, 1, 2, 2, 2, 1, 2, 2, 2, 2, 1, 2, 0, 0, 0, 0, 0, 0, 0], 0.047139348487915594], [[1, 2, 1, 2, 2, 2, 1, 2, 2, 2, 2, 1, 2, 2, 0, 0, 0, 0, 0, 0], -0.06169906931873431], [[1, 2, 1, 2, 2, 2, 1, 2, 2, 2, 2, 1, 2, 2, 1, 0, 0, 0, 0, 0], -0.3573075946569931], [[1, 2, 1, 2, 2, 2, 1, 2, 2, 2, 2, 1, 2, 2, 1, 1, 0, 0, 0, 0], -0.03396889357535582], [[1, 2, 1, 2, 2, 2, 1, 2, 2, 2, 2, 1, 2, 2, 1, 1, 2, 0, 0, 0], 0.03656114668296187], [[1, 2, 1, 2, 2, 2, 1, 2, 2, 2, 2, 1, 2, 2, 1, 1, 2, 1, 0, 0], 0.19226968356061258], [[1, 2, 1, 2, 2, 2, 1, 2, 2, 2, 2, 1, 2, 2, 1, 1, 2, 1, 2, 0], 0.41753893233870015], [[1, 2, 1, 2, 2, 2, 1, 2, 2, 2, 2, 1, 2, 2, 1, 1, 2, 1, 2, 2], 0.6062166357062388], [[2, 1, 2, 2, 2, 1, 2, 2, 2, 2, 1, 2, 2, 1, 1, 2, 1, 2, 2, 1], 0.3264422776678985], [[1, 2, 2, 2, 1, 2, 2, 2, 2, 1, 2, 2, 1, 1, 2, 1, 2, 2, 1, 2], 0.190064495889425], [[2, 2, 2, 1, 2, 2, 2, 2, 1, 2, 2, 1, 1, 2, 1, 2, 2, 1, 2, 1], -0.39390204552698266], [[2, 2, 1, 2, 2, 2, 2, 1, 2, 2, 1, 1, 2, 1, 2, 2, 1, 2, 1, 2], 0.03583855472051865], [[2, 1, 2, 2, 2, 2, 1, 2, 2, 1, 1, 2, 1, 2, 2, 1, 2, 1, 2, 2], 0.3843681893641964], [[1, 2, 2, 2, 2, 1, 2, 2, 1, 1, 2, 1, 2, 2, 1, 2, 1, 2, 2, 2], -0.08878108859366862], [[2, 2, 2, 2, 1, 2, 2, 1, 1, 2, 1, 2, 2, 1, 2, 1, 2, 2, 2, 2], 0.058783265816258985], [[2, 2, 2, 1, 2, 2, 1, 1, 2, 1, 2, 2, 1, 2, 1, 2, 2, 2, 2, 2], -0.5518820105106809], [[2, 2, 1, 2, 2, 1, 1, 2, 1, 2, 2, 1, 2, 1, 2, 2, 2, 2, 2, 2], 0.11082009045707526], [[2, 1, 2, 2, 1, 1, 2, 1, 2, 2, 1, 2, 1, 2, 2, 2, 2, 2, 2, 2], -0.11761703468939294], [[1, 2, 2, 1, 1, 2, 1, 2, 2, 1, 2, 1, 2, 2, 2, 2, 2, 2, 2, 1], 0.31887659833570114], [[2, 2, 1, 1, 2, 1, 2, 2, 1, 2, 1, 2, 2, 2, 2, 2, 2, 2, 1, 2], 0.0], [[2, 1, 1, 2, 1, 2, 2, 1, 2, 1, 2, 2, 2, 2, 2, 2, 2, 1, 2, 1], 0.14931613117123452], [[1, 1, 2, 1, 2, 2, 1, 2, 1, 2, 2, 2, 2, 2, 2, 2, 1, 2, 1, 1], -0.023450902229950766], [[1, 2, 1, 2, 2, 1, 2, 1, 2, 2, 2, 2, 2, 2, 2, 1, 2, 1, 1, 2], 1.2757507932369792], [[2, 1, 2, 2, 1, 2, 1, 2, 2, 2, 2, 2, 2, 2, 1, 2, 1, 1, 2, 1], -0.17238884925461329], [[1, 2, 2, 1, 2, 1, 2, 2, 2, 2, 2, 2, 2, 1, 2, 1, 1, 2, 1, 2], 0.2693306306511491], [[2, 2, 1, 2, 1, 2, 2, 2, 2, 2, 2, 2, 1, 2, 1, 1, 2, 1, 2, 1], -0.040813257061097875], [[2, 1, 2, 1, 2, 2, 2, 2, 2, 2, 2, 1, 2, 1, 1, 2, 1, 2, 1, 1], 0.007738735369987589], [[1, 2, 1, 2, 2, 2, 2, 2, 2, 2, 1, 2, 1, 1, 2, 1, 2, 1, 1, 2], 0.5411820914027741], [[2, 1, 2, 2, 2, 2, 2, 2, 2, 1, 2, 1, 1, 2, 1, 2, 1, 1, 2, 1], 0.7200016919579124], [[1, 2, 2, 2, 2, 2, 2, 2, 1, 2, 1, 1, 2, 1, 2, 1, 1, 2, 1, 1], 0.1465394064711139], [[2, 2, 2, 2, 2, 2, 2, 1, 2, 1, 1, 2, 1, 2, 1, 1, 2, 1, 1, 2], 0.04816526500493434], [[2, 2, 2, 2, 2, 2, 1, 2, 1, 1, 2, 1, 2, 1, 1, 2, 1, 1, 2, 1], -0.06065066933649155], [[2, 2, 2, 2, 2, 1, 2, 1, 1, 2, 1, 2, 1, 1, 2, 1, 1, 2, 1, 2], -0.035410856058929976], [[2, 2, 2, 2, 1, 2, 1, 1, 2, 1, 2, 1, 1, 2, 1, 1, 2, 1, 2, 2], 0.36836567853842334], [[2, 2, 2, 1, 2, 1, 1, 2, 1, 2, 1, 1, 2, 1, 1, 2, 1, 2, 2, 2], 0.0959669051653678], [[2, 2, 1, 2, 1, 1, 2, 1, 2, 1, 1, 2, 1, 1, 2, 1, 2, 2, 2, 2], -0.1302078007557459], [[2, 1, 2, 1, 1, 2, 1, 2, 1, 1, 2, 1, 1, 2, 1, 2, 2, 2, 2, 1], -0.08768470590629995], [[1, 2, 1, 1, 2, 1, 2, 1, 1, 2, 1, 1, 2, 1, 2, 2, 2, 2, 1, 2], -0.36031016951538525], [[2, 1, 1, 2, 1, 2, 1, 1, 2, 1, 1, 2, 1, 2, 2, 2, 2, 1, 2, 1], -0.47229653968769914], [[1, 1, 2, 1, 2, 1, 1, 2, 1, 1, 2, 1, 2, 2, 2, 2, 1, 2, 1, 1], 27.038550473558743], [[1, 2, 1, 2, 1, 1, 2, 1, 1, 2, 1, 2, 2, 2, 2, 1, 2, 1, 1, 2], -0.37202195463896043], [[2, 1, 2, 1, 1, 2, 1, 1, 2, 1, 2, 2, 2, 2, 1, 2, 1, 1, 2, 1], 0.07302136203630633], [[1, 2, 1, 1, 2, 1, 1, 2, 1, 2, 2, 2, 2, 1, 2, 1, 1, 2, 1, 2], 0.0], [[2, 1, 1, 2, 1, 1, 2, 1, 2, 2, 2, 2, 1, 2, 1, 1, 2, 1, 2, 1], -0.01921300651189541], [[1, 1, 2, 1, 1, 2, 1, 2, 2, 2, 2, 1, 2, 1, 1, 2, 1, 2, 1, 1], 0.6206952058797935], [[1, 2, 1, 1, 2, 1, 2, 2, 2, 2, 1, 2, 1, 1, 2, 1, 2, 1, 1, 1], -0.019777813112069775], [[2, 1, 1, 2, 1, 2, 2, 2, 2, 1, 2, 1, 1, 2, 1, 2, 1, 1, 1, 1], 0.13015196422637626], [[1, 1, 2, 1, 2, 2, 2, 2, 1, 2, 1, 1, 2, 1, 2, 1, 1, 1, 1, 1], 0.24703818574109887], [[1, 2, 1, 2, 2, 2, 2, 1, 2, 1, 1, 2, 1, 2, 1, 1, 1, 1, 1, 2], 0.0], [[2, 1, 2, 2, 2, 2, 1, 2, 1, 1, 2, 1, 2, 1, 1, 1, 1, 1, 2, 1], 0.02644285360306993], [[1, 2, 2, 2, 2, 1, 2, 1, 1, 2, 1, 2, 1, 1, 1, 1, 1, 2, 1, 1], -0.10512603904167159], [[2, 2, 2, 2, 1, 2, 1, 1, 2, 1, 2, 1, 1, 1, 1, 1, 2, 1, 1, 1], -0.02110298112484529], [[2, 2, 2, 1, 2, 1, 1, 2, 1, 2, 1, 1, 1, 1, 1, 2, 1, 1, 1, 2], 0.0], [[2, 2, 1, 2, 1, 1, 2, 1, 2, 1, 1, 1, 1, 1, 2, 1, 1, 1, 2, 2], 0.0], [[2, 1, 2, 1, 1, 2, 1, 2, 1, 1, 1, 1, 1, 2, 1, 1, 1, 2, 2, 1], 0.2856803923137891], [[1, 2, 1, 1, 2, 1, 2, 1, 1, 1, 1, 1, 2, 1, 1, 1, 2, 2, 1, 2], 0.0], [[2, 1, 1, 2, 1, 2, 1, 1, 1, 1, 1, 2, 1, 1, 1, 2, 2, 1, 2, 1], 0.2802411863728453], [[1, 1, 2, 1, 2, 1, 1, 1, 1, 1, 2, 1, 1, 1, 2, 2, 1, 2, 1, 1], 0.11598940546767718], [[1, 2, 1, 2, 1, 1, 1, 1, 1, 2, 1, 1, 1, 2, 2, 1, 2, 1, 1, 2], 0.0], [[2, 1, 2, 1, 1, 1, 1, 1, 2, 1, 1, 1, 2, 2, 1, 2, 1, 1, 2, 1], -0.27602822514053205], [[1, 2, 1, 1, 1, 1, 1, 2, 1, 1, 1, 2, 2, 1, 2, 1, 1, 2, 1, 2], 0.0], [[2, 1, 1, 1, 1, 1, 2, 1, 1, 1, 2, 2, 1, 2, 1, 1, 2, 1, 2, 1], 0.2666535325272703], [[1, 1, 1, 1, 1, 2, 1, 1, 1, 2, 2, 1, 2, 1, 1, 2, 1, 2, 1, 1], 0.3522450842694004], [[1, 1, 1, 1, 2, 1, 1, 1, 2, 2, 1, 2, 1, 1, 2, 1, 2, 1, 1, 1], 0.14406021015077192], [[1, 1, 1, 2, 1, 1, 1, 2, 2, 1, 2, 1, 1, 2, 1, 2, 1, 1, 1, 2], 0.0], [[1, 1, 2, 1, 1, 1, 2, 2, 1, 2, 1, 1, 2, 1, 2, 1, 1, 1, 2, 1], -0.2778932139212632], [[1, 2, 1, 1, 1, 2, 2, 1, 2, 1, 1, 2, 1, 2, 1, 1, 1, 2, 1, 1], 0.0016896115452553386], [[2, 1, 1, 1, 2, 2, 1, 2, 1, 1, 2, 1, 2, 1, 1, 1, 2, 1, 1, 1], 0.4931084930188518], [[1, 1, 1, 2, 2, 1, 2, 1, 1, 2, 1, 2, 1, 1, 1, 2, 1, 1, 1, 1], 0.7106184468821781], [[1, 1, 2, 2, 1, 2, 1, 1, 2, 1, 2, 1, 1, 1, 2, 1, 1, 1, 1, 2], 0.0], [[1, 2, 2, 1, 2, 1, 1, 2, 1, 2, 1, 1, 1, 2, 1, 1, 1, 1, 2, 1], -0.08340954828939767], [[2, 2, 1, 2, 1, 1, 2, 1, 2, 1, 1, 1, 2, 1, 1, 1, 1, 2, 1, 2], 0.0], [[2, 1, 2, 1, 1, 2, 1, 2, 1, 1, 1, 2, 1, 1, 1, 1, 2, 1, 2, 1], -0.19434226465414356], [[1, 2, 1, 1, 2, 1, 2, 1, 1, 1, 2, 1, 1, 1, 1, 2, 1, 2, 1, 2], 0.0], [[2, 1, 1, 2, 1, 2, 1, 1, 1, 2, 1, 1, 1, 1, 2, 1, 2, 1, 2, 1], 0.29118170011540023], [[1, 1, 2, 1, 2, 1, 1, 1, 2, 1, 1, 1, 1, 2, 1, 2, 1, 2, 1, 2], 0.0], [[1, 2, 1, 2, 1, 1, 1, 2, 1, 1, 1, 1, 2, 1, 2, 1, 2, 1, 2, 1], 0.12862484906569152], [[2, 1, 2, 1, 1, 1, 2, 1, 1, 1, 1, 2, 1, 2, 1, 2, 1, 2, 1, 1], -0.15324148231497214], [[1, 2, 1, 1, 1, 2, 1, 1, 1, 1, 2, 1, 2, 1, 2, 1, 2, 1, 1, 2], 0.0], [[2, 1, 1, 1, 2, 1, 1, 1, 1, 2, 1, 2, 1, 2, 1, 2, 1, 1, 2, 1], -0.02825342779787275], [[1, 1, 1, 2, 1, 1, 1, 1, 2, 1, 2, 1, 2, 1, 2, 1, 1, 2, 1, 1], -0.15745127408840073], [[1, 1, 2, 1, 1, 1, 1, 2, 1, 2, 1, 2, 1, 2, 1, 1, 2, 1, 1, 2], 0.0], [[1, 2, 1, 1, 1, 1, 2, 1, 2, 1, 2, 1, 2, 1, 1, 2, 1, 1, 2, 2], 0.0], [[2, 1, 1, 1, 1, 2, 1, 2, 1,